hs_name,hs_path,state,county,location_type,meta_title,meta_description,hero_heading,intro_heading,intro_body,map_embed
Myrtle Beach,myrtle-beach,SC,Horry County,city,Myrtle Beach Roofing | Linta Roofing,"Trusted roofing contractors in Myrtle Beach, South Carolina. Linta Roofing offers roof replacement, repair, storm damage restoration, and inspections — licensed, insured, and built for coastal weather.",Myrtle Beach Roofing,Myrtle Beach's Most Trusted Roofers,"Myrtle Beach is a community we know well, and Linta Roofing is dedicated to protecting it with superior craftsmanship and reliable service. We invest in local partnerships and help our neighbors stay prepared for coastal weather challenges. We take pride in serving Myrtle Beach and keeping South Carolina's coast standing strong.","<iframe src=""https://maps.google.com/maps?q=Myrtle+Beach%2C+SC&z=12&output=embed"" width=""100%"" height=""450"" style=""border:0;"" allowfullscreen="""" loading=""lazy"" referrerpolicy=""no-referrer-when-downgrade"" title=""Map of Myrtle Beach, SC""></iframe>"
Surfside Beach,surfside-beach,SC,Horry County,town,Surfside Beach Roofing | Linta Roofing,"Trusted roofing contractors in Surfside Beach, South Carolina. Linta Roofing offers roof replacement, repair, storm damage restoration, and inspections — licensed, insured, and built for coastal weather.",Surfside Beach Roofing,Surfside Beach's Most Trusted Roofers,"Surfside Beach is a community we know well, and Linta Roofing is dedicated to protecting it with superior craftsmanship and reliable service. We invest in local partnerships and help our neighbors stay prepared for coastal weather challenges. We take pride in serving Surfside Beach and keeping South Carolina's coast standing strong.","<iframe src=""https://maps.google.com/maps?q=Surfside+Beach%2C+SC&z=12&output=embed"" width=""100%"" height=""450"" style=""border:0;"" allowfullscreen="""" loading=""lazy"" referrerpolicy=""no-referrer-when-downgrade"" title=""Map of Surfside Beach, SC""></iframe>"
Murrells Inlet,murrells-inlet,SC,Georgetown County,cdp,Murrells Inlet Roofing | Linta Roofing,"Trusted roofing contractors in Murrells Inlet, South Carolina. Linta Roofing offers roof replacement, repair, storm damage restoration, and inspections — licensed, insured, and built for coastal weather.",Murrells Inlet Roofing,Murrells Inlet's Most Trusted Roofers,"Murrells Inlet is a community we know well, and Linta Roofing is dedicated to protecting it with superior craftsmanship and reliable service. We invest in local partnerships and help our neighbors stay prepared for coastal weather challenges. We take pride in serving Murrells Inlet and keeping South Carolina's coast standing strong.","<iframe src=""https://maps.google.com/maps?q=Murrells+Inlet%2C+SC&z=12&output=embed"" width=""100%"" height=""450"" style=""border:0;"" allowfullscreen="""" loading=""lazy"" referrerpolicy=""no-referrer-when-downgrade"" title=""Map of Murrells Inlet, SC""></iframe>"
Carolina Forest,carolina-forest,SC,Horry County,cdp,Carolina Forest Roofing | Linta Roofing,"Trusted roofing contractors in Carolina Forest, South Carolina. Linta Roofing offers roof replacement, repair, storm damage restoration, and inspections — licensed, insured, and built for coastal weather.",Carolina Forest Roofing,Carolina Forest's Most Trusted Roofers,"Carolina Forest is a community we know well, and Linta Roofing is dedicated to protecting it with superior craftsmanship and reliable service. We invest in local partnerships and help our neighbors stay prepared for coastal weather challenges. We take pride in serving Carolina Forest and keeping South Carolina's coast standing strong.","<iframe src=""https://maps.google.com/maps?q=Carolina+Forest%2C+SC&z=12&output=embed"" width=""100%"" height=""450"" style=""border:0;"" allowfullscreen="""" loading=""lazy"" referrerpolicy=""no-referrer-when-downgrade"" title=""Map of Carolina Forest, SC""></iframe>"
Conway,conway,SC,Horry County,city,Conway Roofing | Linta Roofing,"Trusted roofing contractors in Conway, South Carolina. Linta Roofing offers roof replacement, repair, storm damage restoration, and inspections — licensed, insured, and built for coastal weather.",Conway Roofing,Conway's Most Trusted Roofers,"Conway is a community we know well, and Linta Roofing is dedicated to protecting it with superior craftsmanship and reliable service. We invest in local partnerships and help our neighbors stay prepared for coastal weather challenges. We take pride in serving Conway and keeping South Carolina's coast standing strong.","<iframe src=""https://maps.google.com/maps?q=Conway%2C+SC&z=12&output=embed"" width=""100%"" height=""450"" style=""border:0;"" allowfullscreen="""" loading=""lazy"" referrerpolicy=""no-referrer-when-downgrade"" title=""Map of Conway, SC""></iframe>"
North Myrtle Beach,north-myrtle-beach,SC,Horry County,city,North Myrtle Beach Roofing | Linta Roofing,"Trusted roofing contractors in North Myrtle Beach, South Carolina. Linta Roofing offers roof replacement, repair, storm damage restoration, and inspections — licensed, insured, and built for coastal weather.",North Myrtle Beach Roofing,North Myrtle Beach's Most Trusted Roofers,"North Myrtle Beach is a community we know well, and Linta Roofing is dedicated to protecting it with superior craftsmanship and reliable service. We invest in local partnerships and help our neighbors stay prepared for coastal weather challenges. We take pride in serving North Myrtle Beach and keeping South Carolina's coast standing strong.","<iframe src=""https://maps.google.com/maps?q=North+Myrtle+Beach%2C+SC&z=12&output=embed"" width=""100%"" height=""450"" style=""border:0;"" allowfullscreen="""" loading=""lazy"" referrerpolicy=""no-referrer-when-downgrade"" title=""Map of North Myrtle Beach, SC""></iframe>"
Little River,little-river,SC,Horry County,cdp,Little River Roofing | Linta Roofing,"Trusted roofing contractors in Little River, South Carolina. Linta Roofing offers roof replacement, repair, storm damage restoration, and inspections — licensed, insured, and built for coastal weather.",Little River Roofing,Little River's Most Trusted Roofers,"Little River is a community we know well, and Linta Roofing is dedicated to protecting it with superior craftsmanship and reliable service. We invest in local partnerships and help our neighbors stay prepared for coastal weather challenges. We take pride in serving Little River and keeping South Carolina's coast standing strong.","<iframe src=""https://maps.google.com/maps?q=Little+River%2C+SC&z=12&output=embed"" width=""100%"" height=""450"" style=""border:0;"" allowfullscreen="""" loading=""lazy"" referrerpolicy=""no-referrer-when-downgrade"" title=""Map of Little River, SC""></iframe>"
Ocean Isle Beach,ocean-isle-beach,NC,Brunswick County,town,Ocean Isle Beach Roofing | Linta Roofing,"Trusted roofing contractors in Ocean Isle Beach, North Carolina. Linta Roofing offers roof replacement, repair, storm damage restoration, and inspections — licensed, insured, and built for coastal weather.",Ocean Isle Beach Roofing,Ocean Isle Beach's Most Trusted Roofers,"Ocean Isle Beach is a community we know well, and Linta Roofing is dedicated to protecting it with superior craftsmanship and reliable service. We invest in local partnerships and help our neighbors stay prepared for coastal weather challenges. We take pride in serving Ocean Isle Beach and keeping North Carolina's coast standing strong.","<iframe src=""https://maps.google.com/maps?q=Ocean+Isle+Beach%2C+NC&z=12&output=embed"" width=""100%"" height=""450"" style=""border:0;"" allowfullscreen="""" loading=""lazy"" referrerpolicy=""no-referrer-when-downgrade"" title=""Map of Ocean Isle Beach, NC""></iframe>"
Holden Beach,holden-beach,NC,Brunswick County,town,Holden Beach Roofing | Linta Roofing,"Trusted roofing contractors in Holden Beach, North Carolina. Linta Roofing offers roof replacement, repair, storm damage restoration, and inspections — licensed, insured, and built for coastal weather.",Holden Beach Roofing,Holden Beach's Most Trusted Roofers,"Holden Beach is a community we know well, and Linta Roofing is dedicated to protecting it with superior craftsmanship and reliable service. We invest in local partnerships and help our neighbors stay prepared for coastal weather challenges. We take pride in serving Holden Beach and keeping North Carolina's coast standing strong.","<iframe src=""https://maps.google.com/maps?q=Holden+Beach%2C+NC&z=12&output=embed"" width=""100%"" height=""450"" style=""border:0;"" allowfullscreen="""" loading=""lazy"" referrerpolicy=""no-referrer-when-downgrade"" title=""Map of Holden Beach, NC""></iframe>"
Sunset Beach,sunset-beach,NC,Brunswick County,town,Sunset Beach Roofing | Linta Roofing,"Trusted roofing contractors in Sunset Beach, North Carolina. Linta Roofing offers roof replacement, repair, storm damage restoration, and inspections — licensed, insured, and built for coastal weather.",Sunset Beach Roofing,Sunset Beach's Most Trusted Roofers,"Sunset Beach is a community we know well, and Linta Roofing is dedicated to protecting it with superior craftsmanship and reliable service. We invest in local partnerships and help our neighbors stay prepared for coastal weather challenges. We take pride in serving Sunset Beach and keeping North Carolina's coast standing strong.","<iframe src=""https://maps.google.com/maps?q=Sunset+Beach%2C+NC&z=12&output=embed"" width=""100%"" height=""450"" style=""border:0;"" allowfullscreen="""" loading=""lazy"" referrerpolicy=""no-referrer-when-downgrade"" title=""Map of Sunset Beach, NC""></iframe>"
Oak Island,oak-island,NC,Brunswick County,town,Oak Island Roofing | Linta Roofing,"Trusted roofing contractors in Oak Island, North Carolina. Linta Roofing offers roof replacement, repair, storm damage restoration, and inspections — licensed, insured, and built for coastal weather.",Oak Island Roofing,Oak Island's Most Trusted Roofers,"Oak Island is a community we know well, and Linta Roofing is dedicated to protecting it with superior craftsmanship and reliable service. We invest in local partnerships and help our neighbors stay prepared for coastal weather challenges. We take pride in serving Oak Island and keeping North Carolina's coast standing strong.","<iframe src=""https://maps.google.com/maps?q=Oak+Island%2C+NC&z=12&output=embed"" width=""100%"" height=""450"" style=""border:0;"" allowfullscreen="""" loading=""lazy"" referrerpolicy=""no-referrer-when-downgrade"" title=""Map of Oak Island, NC""></iframe>"
Caswell Beach,caswell-beach,NC,Brunswick County,town,Caswell Beach Roofing | Linta Roofing,"Trusted roofing contractors in Caswell Beach, North Carolina. Linta Roofing offers roof replacement, repair, storm damage restoration, and inspections — licensed, insured, and built for coastal weather.",Caswell Beach Roofing,Caswell Beach's Most Trusted Roofers,"Caswell Beach is a community we know well, and Linta Roofing is dedicated to protecting it with superior craftsmanship and reliable service. We invest in local partnerships and help our neighbors stay prepared for coastal weather challenges. We take pride in serving Caswell Beach and keeping North Carolina's coast standing strong.","<iframe src=""https://maps.google.com/maps?q=Caswell+Beach%2C+NC&z=12&output=embed"" width=""100%"" height=""450"" style=""border:0;"" allowfullscreen="""" loading=""lazy"" referrerpolicy=""no-referrer-when-downgrade"" title=""Map of Caswell Beach, NC""></iframe>"
Long Beach,long-beach,NC,Brunswick County,town,Long Beach Roofing | Linta Roofing,"Trusted roofing contractors in Long Beach, North Carolina. Linta Roofing offers roof replacement, repair, storm damage restoration, and inspections — licensed, insured, and built for coastal weather.",Long Beach Roofing,Long Beach's Most Trusted Roofers,"Long Beach is a community we know well, and Linta Roofing is dedicated to protecting it with superior craftsmanship and reliable service. We invest in local partnerships and help our neighbors stay prepared for coastal weather challenges. We take pride in serving Long Beach and keeping North Carolina's coast standing strong.","<iframe src=""https://maps.google.com/maps?q=Long+Beach%2C+NC&z=12&output=embed"" width=""100%"" height=""450"" style=""border:0;"" allowfullscreen="""" loading=""lazy"" referrerpolicy=""no-referrer-when-downgrade"" title=""Map of Long Beach, NC""></iframe>"
Brunswick County,brunswick-county,NC,Brunswick County,county,Brunswick County Roofing | Linta Roofing,"Trusted roofing contractors throughout Brunswick County, North Carolina. Linta Roofing delivers roof replacement, repair, storm damage restoration, and inspections across every community in the county — licensed, insured, and built for coastal weather.",Brunswick County Roofing,Brunswick County's Most Trusted Roofers,"Brunswick County covers some of North Carolina's most distinctive coastal communities, and Linta Roofing is dedicated to protecting them with superior craftsmanship and reliable service. From inland neighborhoods to oceanfront properties, we deliver roofing solutions built for the unique demands of every corner of the county.","<iframe src=""https://maps.google.com/maps?q=Brunswick+County%2C+NC&z=10&output=embed"" width=""100%"" height=""450"" style=""border:0;"" allowfullscreen="""" loading=""lazy"" referrerpolicy=""no-referrer-when-downgrade"" title=""Map of Brunswick County, NC""></iframe>"
Columbus County,columbus-county,NC,Columbus County,county,Columbus County Roofing | Linta Roofing,"Trusted roofing contractors throughout Columbus County, North Carolina. Linta Roofing delivers roof replacement, repair, storm damage restoration, and inspections across every community in the county — licensed, insured, and built for coastal weather.",Columbus County Roofing,Columbus County's Most Trusted Roofers,"Columbus County covers some of North Carolina's most distinctive coastal communities, and Linta Roofing is dedicated to protecting them with superior craftsmanship and reliable service. From inland neighborhoods to oceanfront properties, we deliver roofing solutions built for the unique demands of every corner of the county.","<iframe src=""https://maps.google.com/maps?q=Columbus+County%2C+NC&z=10&output=embed"" width=""100%"" height=""450"" style=""border:0;"" allowfullscreen="""" loading=""lazy"" referrerpolicy=""no-referrer-when-downgrade"" title=""Map of Columbus County, NC""></iframe>"
Georgetown County,georgetown-county,SC,Georgetown County,county,Georgetown County Roofing | Linta Roofing,"Trusted roofing contractors throughout Georgetown County, South Carolina. Linta Roofing delivers roof replacement, repair, storm damage restoration, and inspections across every community in the county — licensed, insured, and built for coastal weather.",Georgetown County Roofing,Georgetown County's Most Trusted Roofers,"Georgetown County covers some of South Carolina's most distinctive coastal communities, and Linta Roofing is dedicated to protecting them with superior craftsmanship and reliable service. From inland neighborhoods to oceanfront properties, we deliver roofing solutions built for the unique demands of every corner of the county.","<iframe src=""https://maps.google.com/maps?q=Georgetown+County%2C+SC&z=10&output=embed"" width=""100%"" height=""450"" style=""border:0;"" allowfullscreen="""" loading=""lazy"" referrerpolicy=""no-referrer-when-downgrade"" title=""Map of Georgetown County, SC""></iframe>"
Georgetown,georgetown,SC,Georgetown County,city,Georgetown Roofing | Linta Roofing,"Trusted roofing contractors in Georgetown, South Carolina. Linta Roofing offers roof replacement, repair, storm damage restoration, and inspections — licensed, insured, and built for coastal weather.",Georgetown Roofing,Georgetown's Most Trusted Roofers,"Georgetown is a community we know well, and Linta Roofing is dedicated to protecting it with superior craftsmanship and reliable service. We invest in local partnerships and help our neighbors stay prepared for coastal weather challenges. We take pride in serving Georgetown and keeping South Carolina's coast standing strong.","<iframe src=""https://maps.google.com/maps?q=Georgetown%2C+SC&z=12&output=embed"" width=""100%"" height=""450"" style=""border:0;"" allowfullscreen="""" loading=""lazy"" referrerpolicy=""no-referrer-when-downgrade"" title=""Map of Georgetown, SC""></iframe>"
Marion County,marion-county,SC,Marion County,county,Marion County Roofing | Linta Roofing,"Trusted roofing contractors throughout Marion County, South Carolina. Linta Roofing delivers roof replacement, repair, storm damage restoration, and inspections across every community in the county — licensed, insured, and built for coastal weather.",Marion County Roofing,Marion County's Most Trusted Roofers,"Marion County covers some of South Carolina's most distinctive coastal communities, and Linta Roofing is dedicated to protecting them with superior craftsmanship and reliable service. From inland neighborhoods to oceanfront properties, we deliver roofing solutions built for the unique demands of every corner of the county.","<iframe src=""https://maps.google.com/maps?q=Marion+County%2C+SC&z=10&output=embed"" width=""100%"" height=""450"" style=""border:0;"" allowfullscreen="""" loading=""lazy"" referrerpolicy=""no-referrer-when-downgrade"" title=""Map of Marion County, SC""></iframe>"
